3-D WorldRunner|Acclaim|NES-WO-USA|C-
10-Yard Fight|Nintendo|none|E
10-Yard Fight|Nintendo|NES-TY-USA|E
1942|Capcom|NES-NF-USA|C+
1943: The Battle of Midway|Capcom|NES-43-USA|C+
720°|Mindscape|NES-72-USA|C
8 Eyes|Taxan|NES-8E-USA|C-
Abadox: The Deadly Inner War|Milton Bradley|NES-A3-USA|C
Action 52|Active Enterprises|Unlicensed|A
Addams Family, The|Ocean|NES-6Z-USA|B
Adventure Island|Hudson|NES-TB-USA|D
Adventure Island II|Hudson|NES-V7-USA|B-
Adventure Island 3|Hudson|NES-AT-USA|B
Adventures in the Magic Kingdom|Capcom|NES-VD-USA|B
Adventures of Bayou Billy, The|Konami|NES-MU-USA|C-
Adventures of Dino Riki|Hudson|NES-SG-USA|C
Adventures of Gilligan's Island, The|Bandai|NES-2L-USA|B+
Adventures of Lolo|HAL|NES-AV-USA|C+
Adventures of Lolo 2|HAL|NES-A4-USA|B-
Adventures of Lolo 3|HAL|NES-QL-USA|B+
Adventures of Rad Gravity, The|Activision|NES-2A-USA|B-
Adventures of Rocky & Bullwinkle & Friends, The|T*HQ|NES-RF-USA|B-
Adventures of Tom Sawyer|Seta|NES-YB-USA|B
After Burner (black)|Tengen|Unlicensed|C+
Air Fortress|HAL|NES-A1-USA|C
Airwolf|Acclaim|NES-AF-USA|C
Al Unser Jr. Turbo Racing|Data East|NES-FH-USA|C
Alfred Chicken|Mindscape|NES-AC-USA|B+
Alien 3|LJN|NES-X3-USA|B+
Alien Syndrome (black)|Tengen|Unlicensed|C+
All-Pro Basketball|Vic Tokai|NES-A2-USA|C
Alpha Mission|SNK|NES-AM-USA|C
Amagon|American Sammy|NES-M5-USA|C
American Gladiators|Gametek|NES-3A-USA|B-
Anticipation|Nintendo|NES-AP-USA|C
Arch Rivals: A BasketBrawl|Acclaim|NES-Q4-USA|C
Archon|Activision|NES-ON-USA|B
Arkanoid|Taito|NES-AR-USA|B+
Arkista's Ring|American Sammy|NES-A5-USA|B
Astyanax|Jaleco|NES-YX-USA|C
Athena|SNK|NES-AN-USA|C
Athletic World: Family Fun Fitness|Bandai|NES-AW-USA|B-
Athletic World|Bandai|NES-AW-USA-1|B-
Attack of the Killer Tomatoes|T*HQ|NES-47-USA|B-
Baby Boomer (blue)|Color Dreams|Unlicensed|B-
Back to the Future|LJN|NES-FU-USA|D
Back to the Future Part II & III|LJN|NES-L3-USA|C
Bad Dudes|Data East|NES-DU-USA|C
Bad News Baseball|Tecmo|NES-38-USA|B
Bad Street Brawler|Mattel|NES-BV-USA|C
Balloon Fight|Nintendo|none|C
Balloon Fight|Nintendo|NES-BF-USA|C
Bandit Kings of Ancient China|Koei|NES-XJ-USA|B-
Barbie|Hi Tech|NES-8V-USA|B
Bard's Tale, The|FCI|NES-ET-USA|B-
Barker Bill's Trick Shooting|Nintendo|NES-ZT-USA|C+
Base Wars: Cyber Stadium Series|Ultra|NES-5B-USA|C
Baseball|Nintendo|none|E
Baseball Simulator 1.000|Culture Brain|NES-UB-USA|C+
Baseball Stars|SNK|NES-B9-USA|C+
Baseball Stars II|Romstar|NES-9R-USA|B+
Bases Loaded (orange writing on end)|Jaleco|NES-LD-USA|E
Bases Loaded (blue writing on end)|Jaleco|NES-LD-USA|E
Bases Loaded II: Second Season|Jaleco|NES-L2-USA|D
Bases Loaded 3, Ryne Sandberg Plays|Jaleco|NES-3L-USA|C
Bases Loaded 4|Jaleco|NES-BD-USA|C+
Batman|Sunsoft|NES-B4-USA|D
Batman: Return of the Joker|Sunsoft|NES-P48-USA|B-
Batman Returns|Konami|NES-BX-USA|B+
Battle Chess|Data East|NES-C6-USA|B+
Battle of Olympus, The|Broderbund|NES-AD-USA|C
Battle Tank, Garry Kitchen's|Absolute|NES-9B-USA|B
Battle Tank, Garry Kitchen's|Absolute|NES-9B-USA-1|B
Battleship|Mindscape|NES-BH-USA|B
Battletoads|Tradewest|NES-8T-USA|D
Battletoads|Tradewest|NES-8T-USA-1|D
Battletoads/Double Dragon|Tradewest|NES-U8-USA|B+
bee 52 (silver)|Camerica|Unlicensed|B+
Beetlejuice|LJN|NES-4B-USA|C+
Best of the Best Championship Karate|Electro Brain|NES-BB-USA|B+
Bible Adventures (blue)  v1.2|Wisdom Tree|Unlicensed|B+
Bible Adventures (black) v1.3|Wisdom Tree|Unlicensed|B+
Bible Adventures (black) v1.4|Wisdom Tree|Unlicensed|B+
Bible Buffet (black) v6.0|Wisdom Tree|Unlicensed|B+
Big Nose Freaks Out (gold)|Camerica|Unlicensed|A
Big Nose Freaks Out (Aladdin Cart)|Camerica|Unlicensed|A+
Big Nose the Caveman (gold)|Camerica|Unlicensed|B
Bigfoot|Acclaim|NES-A8-USA|B-
Bill & Ted's Excellent Video Game Adventure|LJN|NES-42-USA|C+
Bill Elliott's NASCAR Challenge|Konami|NES-EV-USA|C+
Bionic Commando|Capcom|NES-CM-USA|C
Black Bass, The|Hot B|NES-BO-USA|B
Blackjack (black)|American Video|Unlicensed|A-
Blades of Steel|Konami|NES-VS-USA|D
Blades of Steel (Classic Series)|Konami|NES-VS-USA-1|D
Blaster Master|Sunsoft|NES-VM-USA|D
Blue Marlin, The|Hot B|NES-8N-USA|B+
Blues Brothers, The|Titus|NES-4Z-USA|B
Bo Jackson baseball|Data East|NES-6J-USA|C+
Bomberman|Hudson|NES-BM-USA|C
Bomberman II|Hudson|NES-BW-USA|B
Bonk's Adventure|Hudson|NES-K8-USA|B+
Boulder Dash|JVC|NES-XB-USA|B+
Boy and his Blob, A: Trouble on Blobolonia|Absolute|NES-B5-USA|C
Bram Stoker's Dracula|Imagesoft|NES-DR-USA|B
Break Time: The National Pool Tour|FCI|NES-BZ-USA|B+
Breakthru|Data East|NES-BE-USA|C
Bubble Bath Babes|Panesian|Unlicensed|A+
Bubble Bobble|Taito|NES-B2-USA|D
Bubble Bobble Part 2|Taito|NES-BQ-USA|B
Bucky O'Hare|Konami|NES-56-USA|B
Bugs Bunny Birthday Blowout, The|Kemco|NES-H8-USA|B
Bugs Bunny Crazy Castle, The|Kemco|NES-C1-USA|B+
Bump 'n' Jump|Vic Tokai|NES-BP-USA|B-
Burai Fighter|Taxan|NES-UF-USA|B-
Burger Time|Data East|NES-BR-USA|B-
Cabal|Milton Bradley|NES-C7-USA|C
Caesars Palace|Virgin|NES-C9-USA|B
California Games|Milton Bradley|NES-CG-USA|C
Captain America and the Avengers|Data East|NES-6E-USA|B
Captain Comic: The Adventure (black)|Color Dreams|Unlicensed|B
Captain Comic: The Adventure (blue)|Color Dreams|Unlicensed|B
Captain Planet and the Planeteers|Mindscape|NES-5C-USA|B
Captain Skyhawk|Milton Bradley|NES-YW-USA|C
Casino Kid|Sofel|NES-KP-USA|C+
Casino Kid II|Sofel|NES-CK-USA|B+
Castelian|Triffix|NES-4C-USA|B
Castle of Deceit (black)|Bunch Games|Unlicensed|B
Castle of Deceit (blue)|Bunch Games|Unlicensed|B
Castle of Dragon|Seta|NES-C4-USA|B
Castlequest|Nexoft|NES-O5-USA|B
Castlevania|Konami|NES-CV-USA|E
Castlevania II: Simon's Quest|Konami|NES-QU-USA|D
Castlevania III: Dracula's Curse|Konami|NES-VN-USA|C-
Caveman Games|Data East|NES-UQ-USA|B-
Challenge of the Dragon (blue)|Color Dreams|Unlicensed|B
Challenge of the Dragon (black)|Color Dreams|Unlicensed|B
Championship Bowling|Romstar|NES-1F-USA|B
Championship Pool|Mindscape|NES-P3-USA|B+
Cheetamen II|Active Enterprises|Unlicensed|A
Chessmaster, The|Hi Tech|NES-EM-USA|B
Chiller (grey)|American Game Carts|Unlicensed|B+
Chip 'N Dale Rescue Rangers|Capcom|NES-RU-USA|C+
Chip 'N Dale Rescue Rangers 2|Capcom|NES-DV-USA|B+
Chubby Cherub|Bandai|NES-CB-USA|B
Circus Caper|Toho|NES-M7-USA|B
City Connection|Jaleco|NES-CI-USA|B
Clash at Demonhead|Vic Tokai|NES-B6-USA|B-
Classic Concentration|Gametek|NES-C8-USA|B-
Cliffhanger|Imagesoft|NES-HG-USA|B
Clu Clu Land|Nintendo|none|B-
Cobra Command|Data East|NES-CN-USA|C
Cobra Triangle|Nintendo|NES-CU-USA|B-
Code Name Viper|Capcom|NES-VP-USA|C
Color A Dinosaur|Virgin|NES-CD-USA|A-
Commando|Capcom|NES-CO-USA|C
Conan|Mindscape|NES-YY-USA|B
Conflict|Vic Tokai|NES-C3-USA|C+
Conquest of the Crystal Palace|Asmik|NES-7M-USA|C+
Contra|Konami|NES-CT-USA|E
Contra Force|Konami|NES-CR-USA|B
Cool World|Ocean|NES-CX-USA|B
Cowboy Kid|Romstar|NES-9C-USA|A-
Crash 'n' The Boys: Street Challenge|American Technos|NES-58-USA|B
Crystal Mines (blue)|Color Dreams|Unlicensed|B+
Crystalis|SNK|NES-GO-USA|C
Cyberball|Jaleco|NES-4Y-USA|B
Cybernoid: The Fighting Machine|Acclaim|NES-YN-USA|C
Dance Aerobics|Nintendo|NES-AE-USA|C+
Danny Sullivan's Indy Heat|Tradewest|NES-HT-USA|B
Darkman|Ocean|NES-N8-USA|B
Darkwing Duck|Capcom|NES-DZ-USA|B+
Dash Galaxy in The Alien Asylum|Data East|NES-XY-USA|C
DayDreamin' Davey|HAL|NES-6D-USA|B+
Days of Thunder|Mindscape|NES-YH-USA|C+
Deadly Towers|Broderbund|NES-DE-USA|C+
Death Race (grey)|American Game Carts|Unlicensed|B+
Deathbots (black)|American Video|Unlicensed|B+
Defender II|HAL|NES-SB-USA|B
Defender of the Crown|Ultra|NES-U3-USA|C+
Defenders of Dynatron City|JVC|NES-DY-USA|B
Déjà Vu|Kemco|NES-DG-USA|C+
Demon Sword|Taito|NES-DO-USA|C+
Desert Commander|Kemco|NES-DF-USA|C-
Destination Earthstar|Acclaim|NES-VW-USA|C
Destiny of an Emperor|Capcom|NES-YZ-USA|B-
Dick Tracy|Bandai|NES-3Y-USA|C+
Die Hard|Activision|NES-57-USA|B+
Dig Dug II: Trouble in Paradise|Bandai|NES-I2-USA|B
Digger T. Rock: The Legend of the Lost City|Milton Bradley|NES-8D-USA|B+
Dirty Harry|Mindscape|NES-2Y-USA|C+
Dizzy the Adventurer (Aladdin Cart)|Camerica|Unlicensed|A+
Donkey Kong|Nintendo|none|B-
Donkey Kong 3|Nintendo|none|B-
Donkey Kong Classics|Nintendo|NES-DJ-USA|B-
Donkey Kong Jr.|Nintendo|none|B-
Donkey Kong Jr. Math|Nintendo|none|A-
Double Dare|Gametek|NES-2D-USA|B
Double Dragon|Tradewest|NES-WD-USA|E
Double Dragon II: The Revenge|Acclaim|NES-W2-USA|D
Double Dragon III: The Sacred Stones|Acclaim|NES-3W-USA|C+
Double Dribble|Konami|NES-DW-USA|D
Double Strike (black)|American Video|Unlicensed|B+
Dr. Chaos|FCI|NES-DC-USA|C
Dr. Jekyll and Mr. Hyde|Bandai|NES-JH-USA|C+
DRx. Mario|Nintendo|NES-VU-USA|D
Dragon Fighter|Sofel|NES-1D-USA|B
Dragon Power|Bandai|NES-DP-USA|C
Dragon Spirit: The New Legend|Bandai|NES-P4-USA|B
Dragon Strike|FCI|NES-D5-USA|C
Dragon Warrior|Nintendo|NES-DQ-USA|E
Dragon Warrior II|Enix|NES-D2-USA|C+
Dragon Warrior III|Enix|NES-D3-USA|B+
Dragon Warrior IV|Enix|NES-D4-USA|B
Dragon's Lair|Imagesoft|NES-L9-USA|B
Duck Hunt|Nintendo|none|F
Duck Hunt|Nintendo|NES-DH-USA|F
Duck Tales|Capcom|NES-UK-USA|C+
Duck Tales 2|Capcom|NES-DL-USA|B+
Dudes with Attitude (black)|American Video|Unlicensed|B+
Dungeon Magic: Sword of the Elements|Taito|NES-DM-USA|C
Dusty Diamond's All-Star Softball (white/color)|Broderbund|NES-B7-USA|B-
Dusty Diamond's All-Star Softball (all white)|Broderbund|NES-B7-USA-?|B-
Dynowarz: The Destruction of Spondylus|Bandai|NES-WZ-USA|C+
Elevator Action|Taito|NES-EA-USA|B-
Eliminator Boat Duel|Electro Brain|NES-6R-USA|C+
Empire Strikes Back, The|JVC|NES-EK-USA|B
Excitebike|Nintendo|none|E
Excitebike|Nintendo|NES-EB-USA|E
Exodus: Journey to the Promised Land (black) v4.0|Wisdom Tree|Unlicensed|B+
F-117A Stealth Fighter|Microprose|NES-FA-USA|B+
F-15 City War (black)|American Video|Unlicensed|B
F-15 Strike Eagle|Microprose|NES-8F-USA|B+
Family Feud|Gametek|NES-YF-USA|B+
Fantastic Adventures of Dizzy, The (gold)|Camerica|Unlicensed|B-
Fantastic Adventures of Dizzy, The (Aladdin Cart)|Camerica|Unlicensed|A+
Fantasy Zone (black)|Tengen|Unlicensed|C
Faria|Nexoft|NES-N6-USA|B+
Faxanadu|Nintendo|NES-FX-USA|C-
Felix the Cat|Hudson|NES-FC-USA|B+
Ferrari Grand Prix Challenge|Acclaim|NES-FG-USA|B
Fester's Quest|Sunsoft|NES-EQ-USA|C
Final Fantasy|Nintendo|NES-FF-USA|C+
Fire & Ice|Tecmo|NES-K2-USA|A-
Fire Hawk (silver)|Camerica|Unlicensed|B
Fisher-Price Firehouse Rescue|Gametek|NES-QF-USA|B
Fisher-Price I Can Remember|Gametek|NES-F5-USA|B
Fisher-Price Perfect Fit|Gametek|NES-F7-USA|B
Fist of the North Star|Taxan|NES-HO-USA|C+
Flight of the Intruder|Mindscape|NES-4F-USA|B
Flintstones, The: The Rescue of Dino & Hoppy|Taito|NES-5Z-USA|C+
Flintstones, The: The Surprise at Dinosaur Peak!|Taito|NES-FT-USA|B+
Flying Dragon: The Secret Scroll|Culture Brain|NES-HR-USA|C
Flying Warriors|Culture Brain|NES-6F-USA|C
Formula One Built to Win|Seta|NES-W5-USA|B+
Fox's Peter Pan & the Pirates: The Revenge of Captain Hook|T*HQ|NES-5P-USA|B-
Frankenstein: The Monster Returns|Bandai|NES-2F-USA|B+
Freedom Force|Sunsoft|NES-FE-USA|D
Friday the 13th|LJN|NES-F3-USA|C-
Fun House|Hi Tech|NES-FS-USA|B+
G.I. Joe: A Real American Hero|Taxan|NES-X4-USA|B+
G.I. Joe: The Atlantis Factor|Capcom|NES-6I-USA|C+
Galactic Crusader (blue)|Bunch Games|Unlicensed|B
Galaga: Demons of Death|Bandai|NES-AG-USA|B
Galaxy 5000: Racing in the 51st Century|Activision|NES-Y5-USA|A-
Gargoyle's Quest II|Capcom|NES-G2-USA|B+
Gauntlet|Tengen|NES-GL-USA|C
Gauntlet (black)|Tengen|Unlicensed|C
Gauntlet II|Mindscape|NES-2U-USA|C
Gemfire|Koei|NES-GE-USA|B-
Genghis Khan|Koei|NES-GX-USA|C+
George Forman's KO Boxing|Acclaim|NES-KB-USA|B
Ghosts 'n Goblins|Capcom|NES-GG-USA|C
Ghost Lion|Kemco|NES-LL-USA|B
Ghostbusters|Activision|NES-GB-USA|B-
Ghostbusters II|Activision|NES-VV-USA|B
Ghoul School|Electro Brain|NES-Y3-USA|B-
Goal!|Jaleco|NES-JG-USA|D
Goal! Two|Jaleco|NES-GT-USA|B-
Godzilla: Monster of Monsters!|Toho|NES-GZ-USA|C+
Godzilla 2: War of the Monsters|Toho|NES-7Z-USA|B
Gold Medal Challenge '92|Capcom|NES-GM-USA|B+
Golf (teal end label)|Nintendo|none|E
Golf (green end label)|Nintendo|none|E
Golf (green end label)|Nintendo|NES-GF-USA|E
Golf Grand Slam|Atlus|NES-7G-USA|B+
Golf Challenge Pebble Beach|Bandai|NES-PG-USA|C+
Golf Power: Greg Norman|Virgin|NES-GP-USA|B+
Golgo 13: Top Secret Episode|Vic Tokai|NES-G3-USA|D
Goonies II, The|Konami|NES-GU-USA|C+
Gotcha: The Sport!|LJN|NES-GC-USA|C
Gradius|Konami|NES-GR-USA|C-
Great Waldo Search, The|T*HQ|NES-GH-USA|B-
Gremlins 2: The New Batch|Sunsoft|NES-2Z-USA|B-
Guardian Legend, The|Broderbund|NES-GD-USA|C+
Guerrilla War|SNK|NES-GW-USA|C
Gum Shoe|Nintendo|none|C+
Gun-Nac|Ascii|NES-XG-USA|B
Gun.Smoke (cowboy in front of town)|Capcom|NES-GK-USA|B-
Gun.Smoke (red shadow of cowboy)|Capcom|NES-GK-USA|B-
Gyromite|Nintendo|none|E
Gyruss|Ultra|NES-YS-USA|C+
Harlem Globetrotters|Gametek|NES-QH-USA|B
Hatris|Bullet Proof|NES-JZ-USA|A
Heavy Barrel|Data East|NES-HV-USA|C
Heavy Shreddin'|Parker Brothers|NES-WX-USA|B-
Heroes of the Lance: Advanced Dungeons & Dragons|FCI|NES-LQ-USA|C
Heroes of the Lance: Advanced Dungeons & Dragons|FCI|NES-LQ-USA-1|C
High Speed|Tradewest|NES-8H-USA|B-
Hillsfar: Advanced Dungeons & Dragons|FCI|NES-QQ-USA|B
Hogan's Alley|Nintendo|none|D
Hogan's Alley|Nintendo|NES-HA-USA|D
Hollywood Squares|Gametek|NES-HL-USA|B+
Home Alone|T*HQ|NES-6N-USA|B-
Home Alone 2: Lost in New York|T*HQ|NES-HM-USA|B-
Hook|Imagesoft|NES-7Q-USA|B
Hoops|Jaleco|NES-2B-USA|D
Hot Slots|Panesian|Unlicensed|A+
Hudson Hawk|Imagesoft|NES-Y4-USA|B
Hunt for Red October, The|Hi Tech|NES-7H-USA|C
Hydlide|FCI|NES-HS-USA|D
Ice Climber|Nintendo|none|C+
Ice Climber|Nintendo|NES-IC-USA|C+
Ice Hockey|Nintendo|NES-HY-USA|D
Ikari Warriors|SNK|NES-IW-USA|C-
Ikari Warriors II: Victory Road|SNK|NES-VR-USA|C-
Ikari Warriors III: The Rescue|SNK|NES-3D-USA|B-
Image Fight|Irem|NES-F9-USA|B
Immortal, The|Electronic Arts|NES-E8-USA|B
Impossible Mission 2 (black)|American Video|Unlicensed|A-
Impossible Mission 2 (black)(b&w label)|SEI|Unlicensed|B+
Impossible Mission 2 (black)(color label)|SEI/EPYX|Unlicensed|B+
Incredible Crash Dummies, The|LJN|NES-CQ-USA|B
Indiana Jones and the Last Crusade(white end)|Taito|NES-J5-USA|B+
Indiana Jones and the Last Crusade(blue end)|UBI Soft|NES-LR-USA|B+
Indiana Jones and the Temple of Doom|Mindscape|NES-IJ-USA|C
Indiana Jones and the Temple of Doom (black)|Tengen|Unlicensed|B-
Infiltrator|Mindscape|NES-IF-USA|B
Iron Tank: The Invasion of Normandy|SNK|NES-IT-USA|C
Isolated Warrior|NTVIC|NES-W6-USA|B
Ivan "Ironman" Stewart's Super Off-Road|Tradewest|NES-WU-USA|C-
Jack Nicklaus' Greatest 18 Holes of Major Championship Golf|Konami|NES-JC-USA|B-
Jackal|Konami|NES-JK-USA|C
Jackie Chan's Action Kung Fu|Hudson|NES-V5-USA|B
James Bond Jr.|T*HQ|NES-JB-USA|B-
Jaws|LJN|NES-JA-USA|D
Jeopardy!|Gametek|NES-JP-USA|C
Jeopardy! 25th Anniversary Edition|Gametek|NES-J3-USA|C+
Jeopardy! Junior Edition|Gametek|NES-J2-USA|C
Jeopardy!, Talking Super|Gametek|NES-7J-USA|B
Jetsons, The: Cogswell's Caper|Taito|NES-JN-USA|B+
Jim Henson's Muppet Adventure: Chaos at the Carnival|Hi Tech|NES-UA-USA|B
Jimmy Connors Tennis|UBI Soft|NES-JT-USA|B+
Joe & Mac|Data East|NES-CJ-USA|B+
John Elway's Quarterback|Tradewest|NES-JQ-USA|D
Jordan vs Bird: One on One|Milton Bradley|NES-OE-USA|C
Joshua & the Battle of Jericho (black) v5.0|Wisdom Tree|Unlicensed|B+
Joshua & the Battle of Jericho (black) v6.0|Wisdom Tree|Unlicensed|B+
Journey to Silius|Sunsoft|NES-4S-USA|C+
Joust|HAL|NES-JU-USA|B
Jungle Book, The|Virgin|NES-JJ-USA|A-
Jurassic Park|Ocean|NES-J9-USA|B
Kabuki Quantum Fighter|HAL|NES-3K-USA|B
Karate Champ|Data East|NES-KC-USA|C
Karate Kid, The|LJN|NES-KK-USA|C
Karnov|Data East|NES-KV-USA|C
Kick Master|Taito|NES-8K-USA|C+
Kickle Cubicle|Irem|NES-QC-USA|B+
Kid Icarus|Nintendo|none|C-
Kid Icarus|Nintendo|NES-KI-USA|C-
Kid Klown|Kemco|NES-NM-USA|B
Kid Kool and the Quest for the Seven Wonder Herbs|Vic Tokai|NES-KX-USA|C+
Kid Niki Radical Ninja|Data East|NES-KD-USA|C
King Neptune's Adventure (blue)|Color Dreams|Unlicensed|B+
King Neptune's Adventure (black)|Color Dreams|Unlicensed|B+
King of Kings: The Early Years (black)(baby) v1.1|Wisdom Tree|Unlicensed|B+
King of Kings: The Early Years (black)(camel)v1.2|Wisdom Tree|Unlicensed|B+
King of Kings: The Early Years (black)(baby) v1.3|Wisdom Tree|Unlicensed|B+
King of Kings: The Early Years (black)(camel)v1.3|Wisdom Tree|Unlicensed|B+
King's Knight|Square|NES-KG-USA|C+
King's Quest V|Konami|NES-8Q-USA|B+
Kings of the Beach|Ultra|NES-VH-USA|C
Kirby's Adventure|Nintendo|NES-KR-USA|B-
Kiwi Kraze: A Bird-Brained Adventure!|Taito|NES-2K-USA|B+
Klash Ball|Sofel|NES-4K-USA|B-
Klax (black)|Tengen|Unlicensed|B+
Knight Rider|Acclaim|NES-NR-USA|B-
Krazy Kreatures (black)|American Video|Unlicensed|B+
Krion Conquest, The|Vic Tokai|NES-VF-USA|B
Krusty's Fun House|Acclaim|NES-KF-USA|C+
Kung Fu|Nintendo|none|E
Kung Fu|Nintendo|NES-SX-USA|E
Kung-Fu Heroes|Culture Brain|NES-CE-USA|C
L'Empereur|Koei|NES-QV-USA|B
Laser Invasion|Konami|NES-8G-USA|B-
Last Action Hero|Imagesoft|NES-LA-USA|B+
Last Ninja, The|Jaleco|NES-J7-USA|B-
Last Starfighter, The|Mindscape|NES-LM-USA|C+
Lee Trevino's Fighting Golf|SNK|NES-FI-USA|C
Legacy of the Wizard|Broderbund|NES-LC-USA|C
Legend of Kage, The|Taito|NES-KA-USA|C-
Legendary Wings|Capcom|NES-LE-USA|B
Legends of the Diamond|Bandai|NES-8L-USA|B+
Lemmings|Sunsoft|NES-LG-USA|B-
Lethal Weapon|Ocean|NES-LY-USA|B
Life Force|Konami|NES-LF-USA|C
Linus Spacehead's Cosmic Crusade (gold)|Camerica|Unlicensed|B
Linus Spacehead's Cosmic Crusade (Aladdin Cart)|Camerica|Unlicensed|A+
Little League Baseball|SNK|NES-KQ-USA|B-
Little Mermaid, The|Capcom|NES-3U-USA|B
Little Mermaid, The (identical label)|Capcom|NES-3U-USA-1|B
Little Nemo the Dream Master|Capcom|NES-LN-USA|B+
Little Ninja Brothers|Culture Brain|NES-C2-USA|C
Little Samson|Taito|NES-LT-USA|B
Lode Runner|Broderbund|NES-LO-USA|B
Lone Ranger, The|Konami|NES-6L-USA|B-
Loopz|Mindscape|NES-L8-USA|B+
Low G Man: The Low Gravity Man|Taxan|NES-L7-USA|C
Lunar Pool|FCI|NES-LP-USA|C+
M.C. Kids|Virgin|NES-4Q-USA|C+
M.U.L.E.|Mindscape|NES-L6-USA|C+
M.U.S.C.L.E.: Tag Team Match|Bandai|NES-MS-USA|B-
Mach Rider|Nintendo|none|C-
Mach Rider|Nintendo|NES-MR-USA|C-
Mad Max|Mindscape|NES-3M-USA|C+
Mafat Conspiracy, The|Vic Tokai|NES-M4-USA|C
Magic Darts|Romstar|NES-4R-USA|B
Magic Johnson's Fast Break|Tradewest|NES-JF-USA|C
Magic of Scheherazade, The|Culture Brain|NES-AS-USA|C-
Magician|Taxan|NES-XD-USA|A-
Mag-Max|FCI|NES-MM-USA|C-
Major League Baseball|LJN|NES-BS-USA|E
Maniac Mansion|Jaleco|NES-JM-USA|C+
Mappy-Land|Taxan|NES-YD-USA|C+
Marble Madness|Milton Bradley|NES-MV-USA|C+
Mario Bros.|Nintendo|none|B-
Mario Bros.|Nintendo|NES-MA-USA|B-
Mario Is Missing!|Mindscape|NES-MQ-USA|B
Mario's Time Machine|Mindscape|NES-TM-USA|A-
Master Chu and the Drunkard Hu (blue)|Color Dreams|Unlicensed|B
Mechanized Attack|SNK|NES-A6-USA|C
Mega Man|Capcom|NES-MN-USA|B-
Mega Man 2|Capcom|NES-XR-USA|C
Mega Man 3|Capcom|NES-XU-USA|C
Mega Man 4|Capcom|NES-4V-USA|B-
Mega Man 5|Capcom|NES-MZ-USA|B
Mega Man 6|Nintendo|NES-G6-USA-1|B+
Menace Beach (black)|Color Dreams|Unlicensed|A-
Menace Beach (blue)|Color Dreams|Unlicensed|A-
Mendel Palace|Hudson|NES-6H-USA|B
Mermaids of Atlantis: The Riddle of the Magic Bubble (black)|American Video|Unlicensed|B+
Metal Fighter (blue)|Color Dreams|Unlicensed|B
Metal Gear|Ultra|NES-ME-USA|D
Metal Mech: Man & Machine|Jaleco|NES-J8-USA|B-
Metal Storm|Irem|NES-4M-USA|B+
Metroid|Nintendo|none|D
Metroid|Nintendo|NES-MT-USA|D
Metroid(yellow label)|Nintendo|NES-MT-USA-1|D
Michael Andretti's World GP|American Sammy|NES-W4-USA|B-
Mickey Mousecapade|Capcom|NES-MI-USA|C+
Mickey's Adventure in Numberland|Hi Tech|NES-NL-USA|B+
Mickey's Safari in Letterland|Hi Tech|none|B+
Micro Machines (silver)(triangle on label)|Camerica|Unlicensed|A-
Micro Machines (silver)|Camerica|Unlicensed|A-
Micro Machines (gold)|Camerica|Unlicensed|A-
Micro Machines (Aladdin Cart)|Camerica|Unlicensed|A+
Mig 29: Soviet Fighter (silver)|Camerica|Unlicensed|C+
Might & Magic: Secret of the Inner Sanctum|American Sammy|NES-MP-USA|B+
Mighty Bomb Jack|Tecmo|NES-BJ-USA|B
Mighty Final Fight|Capcom|NES-MF-USA|B+
Mike Tyson's Punch-Out!!|Nintendo|none|D
Mike Tyson's Punch-Out!!|Nintendo|NES-PT-USA|D
Millipede|HAL|NES-ML-USA|B
Milon's Secret Castle|Hudson|NES-KM-USA|C
Miracle Piano Teaching System, The|Mindscape|NES-9M-USA|A-
Mission: Impossible|Ultra|NES-U4-USA|C+
Mission Cobra (blue)|Bunch Games|Unlicensed|A-
Monopoly|Parker Brothers|NES-6B-USA|B-
Monster Party|Bandai|NES-P1-USA|B
Monster Truck Rally|INTV|NES-LU-USA|B
Monster in My Pocket|Konami|NES-1Y-USA|B+
Moon Ranger (black)|Bunch Games|Unlicensed|C
Moon Ranger (blue)|Bunch Games|Unlicensed|C
Motor City Patrol|Matchbox|NES-5M-USA|C+
Ms. Pac-Man|Namco|NES-M9-USA|A
Ms. Pac-Man (black)|Tengen|Unlicensed|B+
MTV Remote Control|Hi Tech|NES-H6-USA|C
Mutant Virus, The: Crisis in a Computer World|American Softworks|NES-6M-USA|B+
Mystery Quest|Taxan|NES-HQ-USA|C+
NARC|Acclaim|NES-NQ-USA|C
NES Open Tournament Golf|Nintendo|NES-UG-USA|B-
NES Play Action Football|Nintendo|NES-NB-USA|D
NES Play Action Football|Nintendo|NES-NB-CAN| -
NFL|LJN|NES-FN-USA|C
Nigel Mansell's World Championship Racing|Gametek|NES-NC-USA|B+
Nightmare on Elm Street, A|LJN|NES-ES-USA|B
Nightshade|Ultra|NES-8Y-USA|C+
Ninja Crusaders|American Sammy|NES-N4-USA|B
Ninja Gaiden|Tecmo|NES-NG-USA|E
Ninja Gaiden II: The Dark Sword of Chaos|Tecmo|NES-NW-USA|C-
Ninja Gaiden III: The Ancient Ship of Doom|Tecmo|NES-3N-USA|C+
Ninja Kid|Bandai|NES-NK-USA|C+
Nintendo World Cup|Nintendo|NES-XZ-USA|C-
Nobunaga's Ambition|Koei|NES-NZ-USA|C
Nobunaga's Ambition II|Koei|NES-NU-USA|B
North and South|Kemco|NES-N5-USA|B+
Operation Secret Storm (black)|Color Dreams|Unlicensed|A
Operation Wolf: Take No Prisoners|Taito|NES-OW-USA|D
ORB-3D|Hi Tech|NES-5H-USA|C
Othello|Acclaim|NES-OH-USA|C
Overlord|Virgin|none|B-
Overlord|Virgin|NES-VL-USA|B-
P.O.W.: Prisoners of War|SNK|NES-EW-USA|C
P'radikus Conflict (black)|Color Dreams|Unlicensed|B
P'radikus Conflict (blue)|Color Dreams|Unlicensed|B
Pac-Man|Namco|NES-P7-USA|A
Pac-Man|Tengen|NES-PQ-USA|B-
Pac-Man (black)|Tengen|Unlicensed|B-
Pac-Mania (black)|Tengen|Unlicensed|A
Palamedes|Hot B|NES-JI-USA|B+
Panic Restaurant|Taito|NES-PR-USA|B
Paperboy|Mindscape|NES-PY-USA|C
Paperboy 2|Mindscape|NES-Y7-USA|B
Peek-A-Boo Poker|Panesian|Unlicensed|A+
Pesterminator (black)|Color Dreams|Unlicensed|B
Pesterminator (blue)|Color Dreams|Unlicensed|B
Phantom Fighter|FCI|NES-KY-USA|C+
Pictionary|LJN|NES-P5-USA|B-
Pinball|Nintendo|none|D
Pinball|Nintendo|NES-PN-USA|D
Pinball Quest|Jaleco|NES-P9-USA|B
Pin-Bot|Nintendo|NES-IO-USA|B
Pipe Dream|Bullet Proof|NES-4P-USA|B
Pirates|Ultra|NES-8U-USA|B
Platoon|Sunsoft|NES-PU-USA|D
Pool of Radiance: Advanced Dungeons & Dragons|FCI|NES-QA-USA|B+
Popeye|Nintendo|none|B-
Popeye|Nintendo|NES-PP-USA|B-
Power Blade|Taito|NES-7T-USA|B-
Power Blade 2|Taito|NES-PB-USA|B-
Power Punch II|American Softworks|NES-P2-USA|B
Predator|Activision|NES-PL-USA|C+
Prince of Persia|Virgin|NES-PA-USA|C+
Princess Tomato in the Salad Kingdom|Hudson|NES-RT-USA|B+
Pro Sport Hockey|Jaleco|NES-S5-USA|B+
Pro Wrestling|Nintendo|none|D
Pro Wrestling|Nintendo|NES-PW-USA|D
Pugsley's Scavenger Hunt|Ocean|NES-FM-USA|B
Punch-Out!! (pic zoomed in)|Nintendo|NES-QP-USA|C+
Punch-Out!! (pic zoomed out)|Nintendo|NES-QP-USA-1|C+
Punisher, The|LJN|NES-6P-USA|B
Puss n Boots: Pero's Great Adventure|Electro Brain|NES-UO-USA|B-
Puzzle (black)|American Video|Unlicensed|A-
Puzznic|Taito|NES-ZP-USA|B+
Pyramid (black)|American Video|Unlicensed|A-
Q*Bert|Ultra|NES-QB-USA|B-
Qix|Taito|NES-QX-USA|A
Quattro Adventure (gold)|Camerica|Unlicensed|B+
Quattro Adventure (Aladdin Cart)|Camerica|Unlicensed|A+
Quattro Arcade (gold)|Camerica|Unlicensed|A-
Quattro Sports (gold)|Camerica|Unlicensed|B
Quattro Sports (Aladdin Cart)|Camerica|Unlicensed|A+
R.B.I. Baseball|Tengen|NES-RS-USA|C+
R.B.I. Baseball (black)|Tengen|Unlicensed|C
R.B.I. Baseball 2 (black)|Tengen|Unlicensed|C+
R.B.I. Baseball 3 (black)|Tengen|Unlicensed|B-
R.C. Pro-Am|Nintendo|NES-PM-USA|D
R.C. Pro-Am II|Tradewest|NES-R2-USA|B
Race America|Absolute|NES-RB-USA|B+
Racket Attack|Jaleco|NES-RE-USA|C-
Rad Racer|Nintendo|none|D
Rad Racer|Nintendo|NES-RC-USA|D
Rad Racer II|Square|NES-QR-USA|B-
Rad Racket: Deluxe Tennis II (black)|American Video|Unlicensed|A-
Raid 2020 (blue)|Color Dreams|Unlicensed|B
Raid on Bungeling Bay|Broderbund|NES-BU-USA|B
Rainbow Islands|Taito|NES-RL-USA|B+
Rally Bike|Romstar|NES-LI-USA|B
Rambo|Acclaim|NES-RV-USA|E
Rampage|Data East|NES-RP-USA|C+
Rampart|Jaleco|NES-73-USA|B
Ren & Stimpy Show, The: Buckaroos|T*HQ|NES-RZ-USA|B-
Renegade|Taito|NES-RG-USA|C-
Rescue: The Embassy Mission|Kemco|NES-HZ-USA|C-
Ring King|Data East|NES-RK-USA|C
River City Ransom|American Technos|NES-DN-USA|C
Road Blasters|Mindscape|NES-VE-USA|C+
Road Runner (black)|Tengen|Unlicensed|B+
Robin Hood: Prince of Thieves|Virgin|NES-7R-USA|C+
Robo Demons (blue)|Color Dreams|Unlicensed|B
Robo Warrior|Jaleco|NES-RR-USA|B
RoboCop|Data East|NES-CP-USA|C
RoboCop 2|Data East|NES-2C-USA|B-
RoboCop 3|Ocean|NES-R3-USA|B
Rock 'n' Ball|NTVIC|NES-R4-USA|B
Rocket Ranger|Kemco|NES-2R-USA|B-
Rocketeer, The|Bandai|NES-5R-USA|B-
Rockin' Kats|Atlus|NES-7A-USA|B+
Roger Clemens' MVP Baseball (end label white)|LJN|NES-6V-USA|C
Roger Clemens' MVP Baseball (end label black)|LJN|NES-6V-USA|C
Rollerball|HAL|NES-RH-USA|B
Rollerblade Racer|Hi Tech|none|B
Rollerblade Racer|Hi Tech|NES-R6-USA|B
Rollergames|Ultra|NES-U5-USA|B-
Rolling Thunder (black)|Tengen|Unlicensed|C+
Romance of the Three Kingdoms|Koei|NES-IS-USA|C
Romance of the Three Kingdoms II|Koei|NES-XL-USA|B
Roundball: 2-on-2 Challenge|Mindscape|NES-RW-USA|B-
Rush'n Attack|Konami|NES-RA-USA|D
Rygar|Tecmo|NES-RY-USA|C
S.C.A.T.: Special Cybernetic Attack Team|Natsume|NES-FV-USA|B
Secret Scout in the Temple of Demise (black)|Color Dreams|Unlicensed|A
Secret Scout in the Temple of Demise (blue)|Color Dreams|Unlicensed|A
Section Z|Capcom|NES-SZ-USA|C
Seicross|FCI|NES-SE-USA|D
Sesame Street 123(Hi Tech on right)|Hi Tech|NES-H3-USA|C+
Sesame Street 123(Hi Tech on left)|Hi Tech|NES-H3-USA-1|C+
Sesame Street ABC|Hi Tech|NES-H4-USA|C+
Sesame Street ABC & 123|Hi Tech|NES-5A-USA|B
Sesame Street Big Bird's Hide & Speak|Hi Tech|NES-4H-USA|B
Sesame Street Countdown|Hi Tech|NES-85-USA|A-
Shadow of the Ninja|Natsume|NES-JL-USA|B
Shadowgate|Kemco|NES-3S-USA|C+
Shadowgate|Kemco|NES-3S-USA-1|C+
Shatterhand|Jaleco|NES-9H-USA|B-
Shingen the Ruler|Hot B|NES-23-USA|C
Shinobi (black)|Tengen|Unlicensed|C+
Shockwave (grey)|American Game Carts|Unlicensed|B
Shooting Range (title in white)|Bandai|NES-ZS-USA|B
Shooting Range (title in lt red)|Bandai|NES-ZS-USA|B
Short Order/Egg-Splode|Nintendo|NES-OR-USA|B+
Side Pocket|Data East|NES-PK-USA|B
Silent Assault (black)|Color Dreams|Unlicensed|B
Silent Assault (blue)|Color Dreams|Unlicensed|B
Silent Service|Ultra|NES-IV-USA|C-
Silk Worm|American Sammy|NES-LK-USA|C
Silver Surfer|Arcadia|NES-VQ-USA|B
Simpsons, The: Bartman Meets Radioactive Man|Acclaim|NES-RN-USA|B+
Simpsons, The: Bart vs. the Space Mutants|Acclaim|NES-Q5-USA|D
Simpsons, The: Bart vs. the World|Acclaim|NES-Y9-USA|B-
Skate or Die|Ultra|NES-DI-USA|D
Skate or Die 2: The Search for Double Trouble|Electronic Arts|NES-E4-USA|B
Ski or Die|Ultra|NES-7S-USA|B-
Skull & Crossbones (black)|Tengen|Unlicensed|B
Sky Kid|Sunsoft|NES-SY-USA|B-
Sky Shark|Taito|NES-2S-USA|D
Slalom|Nintendo|none|B-
Smash TV|Acclaim|NES-5V-USA|C+
Snake Rattle n Roll|Nintendo|NES-RJ-USA|C+
Snake's Revenge|Ultra|NES-E2-USA|C
Snoopy's Silly Sports Spectacular!|Kemco|NES-OP-USA|B+
Snow Brothers|Capcom|NES-7L-USA|B
Soccer|Nintendo|none|D
Solar Jetman: Hunt for the Golden Warship|Tradewest|NES-LJ-USA|C
Solitaire (black)|American Video|Unlicensed|A-
Solomon's Key|Tecmo|NES-KE-USA|C+
Solstice: The Quest for the Staff of Demnos|CSG Imagesoft|NES-LX-USA|C
Space Shuttle Project|Absolute|NES-6A-USA|B+
Spelunker|Broderbund|NES-SU-USA|C+
Spider-Man: Return of the Sinister Six|LJN|NES-RX-USA|B-
Spiritual Warfare (black) v5.1|Wisdom Tree|Unlicensed|B+
Spiritual Warfare (black) v6.0|Wisdom Tree|Unlicensed|B+
Spot|Arcadia|NES-3P-USA|B-
Spy Hunter|Sunsoft|NES-HU-USA|C
Spy vs Spy (Mad Magazine)|Kemco|NES-SP-USA|B-
Sqoon|Irem|NES-SQ-USA|B+
Stack-Up|Nintendo|none|A-
Stadium Events: Family Fun Fitness|Bandai|NES-SD-USA|B
Stanley: The Search for Dr. Livingston|Electro Brain|NES-SS-USA|B
Star Force|Tecmo|NES-FO-USA|C+
Star Soldier|Taxan|NES-SO-USA|C-
Star Trek: 25th Anniversary|Ultra|NES-8Z-USA|B
Star Trek: The Next Generation|Absolute|NES-NX-USA|A-
Star Tropics|Nintendo|NES-OC-USA|C-
Star Tropics II: Zoda's Revenge|Nintendo|NES-6C-USA|B-
Star Voyager|Acclaim|NES-SV-USA|C+
Star Wars|JVC|NES-7V-USA|B
Starship Hector|Hudson|NES-HH-USA|B-
Stealth A-T-F|Activision|NES-LH-USA|C+
Stinger|Konami|NES-SR-USA|B-
Street Cop|Bandai|NES-EC-USA|A-
Street Fighter 2010: The Final Fight|Capcom|NES-YA-USA|B
Strider|Capcom|NES-HX-USA|C
Stunt Kids (silver)|Camerica|Unlicensed|A-
Sunday Funday: The Ride (black)|Wisdom Tree|Unlicensed|B+
Super C|Konami|NES-UE-USA|C
Super Cars|Electro Brain|NES-6S-USA|B+
Super Dodge Ball|Imagesoft|NES-ND-USA|C
Super Glove Ball|Mattel|NES-5L-USA|C
Super Mario Bros.|Nintendo|none|F
Super Mario Bros.|Nintendo|NES-SM-USA|F
Super Mario Bros. 2|Nintendo|NES-MW-USA|D
Super Mario Bros. 3(Bros under Ma)|Nintendo|NES-UM-USA|D
Super Mario Bros. 3(Bros under io)|Nintendo|NES-UM-USA-1|D
Super Mario Bros./Duck Hunt|Nintendo|NES-MH-USA|F
Super Mario Bros./Duck Hunt(white line)|Nintendo|NES-MH-USA|F
Super Mario Bros./DH/WC Track Meet(mario in red)|Nintendo|NES-WH-USA|C
Super Mario Bros./DH/WC Track Meet(mario in white)|Nintendo|NES-WH-USA|C
Super Pitfall|Activision|NES-PI-USA|C+
Super Spike V'Ball|Nintendo|NES-VJ-USA|C-
Super Spike V'Ball/Nintendo World Cup|Nintendo|NES-QJ-USA|B-
Super Sprint (black)|Tengen|Unlicensed|C
Super Spy Hunter|Sunsoft|NES-UY-USA|B+
Super Team Games|Nintendo|NES-UN-USA|C-
Superman|Kemco|NES-SN-USA|B+
Swamp Thing|T*HQ|NES-SW-USA|C+
Sword Master|Activision|NES-8S-USA|A-
Swords and Serpents|Acclaim|NES-WP-USA|B+
T&C Surf Designs: Wood & Water Rage|LJN|NES-TN-USA|E
T&C Surf Designs: Thrilla's Surfari|LJN|NES-TC-USA|B
Taboo: The Sixth Sense|Tradewest|NES-OO-USA|C+
Tag Team Wrestling|Data East|NES-TT-USA|C
Tagin' Dragon (blue)|Bunch Games|Unlicensed|B
Tale Spin|Capcom|NES-68-USA|B
Target Renegade|Taito|NES-NE-USA|C+
Tecmo Baseball|Tecmo|NES-TL-USA|C
Tecmo Basketball(no background on NBA logo)|Tecmo|NES-BK-USA|C+
Tecmo Basketball(white background on NBA logo)|Tecmo|NES-BK-USA-1|C+
Tecmo Bowl|Tecmo|NES-TW-USA|E
Tecmo Bowl|Tecmo|NES-TW-USA-1|E
Tecmo Cup Soccer Game|Tecmo|NES-TP-USA|B+
Tecmo Super Bowl|Tecmo|NES-4U-USA|C-
Tecmo World Wrestling|Tecmo|NES-PZ-USA|C
Teenage Mutant Ninja Turtles|Ultra|NES-U2-USA|E
Teenage Mutant Ninja Turtles II: The Arcade Game|Ultra|NES-2N-USA|D
Teenage Mutant Ninja Turtles III: The Manhattan Project|Konami|NES-T3-USA|B-
Teenage Mutant Ninja Turtles Tournament Fighters|Konami|NES-TF-USA|B+
Tennis (teal end label)|Nintendo|none|D
Tennis (green end label)|Nintendo|none|D
Tennis (green end label)|Nintendo|NES-TE-USA|D
Terminator, The|Mindscape|NES-NA-USA|B+
Terminator 2: Judgement Day|LJN|NES-62-USA|B-
Terra Cresta|Vic Tokai|NES-TQ-USA|B+
Tetris|Nintendo|NES-EI-USA|D
Tetris (black)|Tengen|Unlicensed|A-
Tetris 2|Nintendo|NES-TS-USA|B-
Three Stooges, The|Activision|NES-3T-USA|C+
Thunder & Lightning|Romstar|none|B+
Thunder & Lightning|Romstar|NES-4T-USA|B+
Thunderbirds|Activision|NES-T5-USA|C+
Thundercade|American Sammy|NES-UD-USA|C+
Tiger-Heli|Acclaim|NES-TI-USA|C+
Tiles of Fate (black)|American Video|Unlicensed|B+
Time Lord|Milton Bradley|NES-LZ-USA|C
Times of Lore|Toho|NES-5T-USA|B-
Tiny Toon Adventures|Konami|NES-NI-USA|C+
Tiny Toon Adventures 2: Trouble in Wackyland|Konami|NES-T2-USA|B+
Tiny Toon Adventures Cartoon Workshop|Konami|NES-CW-USA|B+
To The Earth|Nintendo|NES-ZE-USA|C+
Toki|Taito|NES-5J-USA|B+
Tom & Jerry|Hi Tech|NES-5Y-USA|B+
Tombs & Treasure|Infocom|NES-2T-USA|A-
Toobin' (black)|Tengen|Unlicensed|B
Top Gun|Konami|NES-TG-USA|D
Top Gun: The Second Mission|Konami|NES-OG-USA|D
Top Players Tennis, Chris Evert & Ivan Lendl in|Asmik|NES-W1-USA|C+
Total Recall|Acclaim|NES-L4-USA|D
Totally Rad|Jaleco|NES-6T-USA|B-
Touchdown Fever|SNK|NES-T7-USA|B+
Toxic Crusaders|Bandai|NES-TX-USA|B
Track & Field|Konami|NES-TR-USA|D
Track & Field II|Konami|NES-F2-USA|D
Track & Field II|Konami|NES-F2-USA-1|D
Treasure Master|American Softworks|NES-7U-USA|A-
Trog!|Acclaim|NES-4A-USA|B+
Trojan|Capcom|NES-TJ-USA|C
Trolls on Treasure Island (black)|American Video|Unlicensed|A-
Twin Cobra|American Sammy|NES-QT-USA|C+
Twin Eagle|Romstar|NES-2E-USA|C+
Ultima: Exodus|FCI|NES-UL-USA|C-
Ultima: Quest of the Avatar|FCI|NES-US-USA|B
Ultima: Warriors of Destiny|FCI|NES-UT-USA|B+
Ultimate Air Combat|Activision|NES-3Z-USA|B+
Ultimate Basketball|American Sammy|NES-UJ-USA|C
Ultimate League Soccer (black)|American Video|Unlicensed|A-
Ultimate Stuntman, The (gold)|Camerica|Unlicensed|C+
Uncanny X-Men, The|LJN|NES-XM-USA|B-
Uncharted Waters|Koei|NES-QK-USA|B-
Uninvited|Kemco|NES-UV-USA|B+
Untouchables, The|Ocean|NES-U6-USA|B-
Untouchables, The|Ocean|NES-U6-USA-1|B-
Urban Champion|Nintendo|none|D
Urban Champion|Nintendo|NES-UC-USA|D
Vegas Dream|HAL|NES-LS-USA|B
Venice Beach Volleyball (black)|American Video|Unlicensed|A-
Vice: Project Doom|American Sammy|NES-9G-USA|C+
Videomation|T*HQ|NES-V8-USA|B+
Vindicators (black)|Tengen|Unlicensed|C
Volleyball|Nintendo|none|C
Wacky Races|Atlus|NES-WE-USA|B+
Wall Street Kid|Sofel|NES-ZM-USA|B
Wally Bear and the No! Gang (black)|American Video|Unlicensed|A-
Wario's Woods|Nintendo|NES-WB-USA|B+
Wayne Gretzky Hockey (black uniform w/ helmet)|T*HQ|NES-ZY-USA-1|C+
Wayne Gretzky Hockey (white uniform no helmet)|T*HQ|NES-ZY-USA-2|C+
Wayne Gretzky Hockey (white uniform no helmet)|T*HQ|NES-ZY-USA-3|C+
Wayne's World|T*HQ|NES-Y8-USA|B
WCW World Championship Wrestling|FCI|NES-S9-USA|D
Werewolf: The Last Warrior|Data East|NES-W8-USA|C
Wheel of Fortune|Gametek|NES-WF-USA|C
Wheel of Fortune Family Edition|Gametek|NES-W3-USA-1|C
Wheel of Fortune Featuring Vanna White|Gametek|NES-Y6-USA|B
Wheel of Fortune Junior Edition|Gametek|NES-WJ-USA|C
Where in Time is Carmen Sandiego?|Konami|NES-9K-USA|B
Where's Waldo?|T*HQ|NES-6W-USA|C+
Who Framed Roger Rabbit|LJN|NES-WL-USA|B-
Whomp 'Em|Jaleco|NES-4W-USA|B
Widget|Atlus|NES-W7-USA|B
Wild Gunman|Nintendo|none|C
Willow|Capcom|NES-WI-USA|B-
Win, Lose or Draw|Hi Tech|NES-IL-USA|C
Winter Games|Acclaim|NES-WM-USA|B-
Wizardry Master's Series|Nexoft|NES-O9-USA|C+
Wizardry Master's Series II: Knight of Diamonds|Ascii|NES-32-USA|B+
Wizards & Warriors|Acclaim|NES-WW-USA|D
Wizards & Warriors II: Iron Sword|Acclaim|NES-IR-USA|D
Wizards & Warriors III|Acclaim|NES-8W-USA|C-
Wolverine|LJN|NES-9W-USA|B-
World Champ|Romstar|NES-5E-USA|B+
World Class Track Meet|Nintendo|NES-WT-USA|D
World Games|Milton Bradley|NES-WV-USA|B-
Wrath of the Black Manta|Taito|NES-WK-USA|C+
Wrecking Crew|Nintendo|none|C+
Wrecking Crew|Nintendo|NES-WR-USA|C+
WURM: Journey to the Center of the Earth|Asmik|NES-WQ-USA|B-
WWF King of the Ring|Acclaim|NES-K6-USA|B+
WWF Wrestle Mania|Acclaim|NES-HN-USA|D
WWF Wrestle Mania|Acclaim|NES-HN-USA-1|D
WWF Wrestle Mania Challenge|LJN|NES-W9-USA|C-
WWF Wrestle Mania Steel Cage Challenge|LJN|NES-WS-USA|C+
Xenophobe|Sunsoft|NES-XE-USA|B-
Xevious: The Avenger|Bandai|NES-XV-USA|C+
Xexyz|Hudson|NES-KO-USA|C+
Yo! Noid|Capcom|NES-YC-USA|C+
Yoshi|Nintendo|NES-YM-USA|C-
Yoshi's Cookie|Nintendo|NES-CH-USA|B-
Young Indiana Jones Chronicles, The|Jaleco|NES-YJ-USA|B+
Zanac|FCI|NES-ZA-USA|C+
Zelda, The Legend of (gold)|Nintendo|none|E
Zelda, The Legend of (gold)|Nintendo|NES-ZL-USA|E
Zelda, The Legend of (grey)|Nintendo|NES-ZL-USA-1|B
Zelda II, The Adventure of Link (gold)|Nintendo|NES-AL-USA|D
Zelda II, The Adventure of Link (grey)|Nintendo|NES-AL-USA-1|B
Zen: Intergalactic Ninja|Konami|NES-ZN-USA|B
Zombie Nation|Meldac|NES-51-USA|B